Name,Handle/Channel,Platform,Category,Estimated Followers/Subs,Relevance to VibeTree,Profile URL,Outreach Priority (1-5),Notes
Riley Brown,@rileybrown_ai,YouTube + X,AI App Building,100K+,Made "Complete Guide to Cursor For Non-Coders" (173K views); co-built iOS app in 33 min with Greg Isenberg,https://youtube.com/@rileybrown,5,Already makes VibeTree-type content; ideal first partner
Greg Isenberg,@gregisenberg,YouTube + X,Startup Ideas,600K+ X / 150K newsletter,Hosts "Startup Ideas Podcast"; filmed building iOS app in 33 min; promotes AI tools actively,https://x.com/gregisenberg,5,Massive reach; has covered AI app builders before
Alex Finn,@alexfinndev,YouTube + X,AI Development,100K+ YouTube,Built $300K/yr AI app; "Build your first iOS app in 7 minutes" (91.5K views),https://youtube.com/@alexfinn,5,Claude Code maximalist; perfect VibeTree demo candidate
Theo,@t3dotgg,YouTube + X,Vibe Coding,500K+ YouTube,Top vibe coding voice; viral AI app builder tier list,https://youtube.com/@t3dotgg,5,A VibeTree placement on his tier list = massive signal
Fireship,@fireship_dev,YouTube,Tech Explainers,4M+ YouTube,Fast-paced tech explainers; covers every major AI coding tool,https://youtube.com/@fireship,5,Single mention = massive exposure; reach out via sponsorship
Pieter Levels,@levelsio,X,Indie Hacking,744K X,King of indie hacking; built flight sim in 3 hrs with AI; $300K/mo revenue,https://x.com/levelsio,5,If he tries VibeTree it goes viral instantly
Marc Lou,@marc_louvion,X,Indie Hacking / Build in Public,227K X,"Ships products weekly; $30K+ MRR; audience looking for tools to ship faster",https://x.com/marc_louvion,5,Ships constantly; would try VibeTree in a heartbeat
Chris Raroque,@chrisraroque,YouTube + X,iOS Vibe Coding,Growing,"Solo dev; shipped 4 profitable iOS apps with Cursor + Claude; 2,000+ paid users; featured on Greg Isenberg podcast",https://x.com/chrisraroque,5,Perfect testimonial candidate — already does what VibeTree automates
Tom Wentworth,@tomwentworth,X + Blog,iOS Vibe Coding,Growing,Shipped 4 apps to App Store without knowing Swift using Claude Code; popular blog post,https://x.com/tomwentworth,5,Great testimonial: "I did this manually — VibeTree does it in minutes"
Matt Wolfe,@mabornyreflow,YouTube + X,AI Tools Reviews,Large YouTube,"Runs FutureTools.io; reviews AI tools; hosts The Next Wave Podcast",https://youtube.com/@mreflow,5,AI tools curator — a review here = discoverability
Paul Hudson,@twostraws,YouTube + X,SwiftUI Education,1M+ YouTube,"Runs Hacking with Swift; '100 Days of SwiftUI'; biggest SwiftUI learning resource",https://youtube.com/@twostraws,5,His endorsement = instant iOS dev community credibility
Mckay Wrigley,@mckaywrigley,YouTube + X,AI Development,25K YouTube,"Founder of Takeoff AI; Chatbot UI (33K GitHub stars); teaches coding with AI",https://youtube.com/@realmckaywrigley,4,Building "Spark" AI coding tutor — natural alignment
Tech With Tim,@TechWithTim,YouTube,Coding Tutorials,2M+ YouTube,Cursor vibe coding tutorial (347.8K views); beginner-friendly,https://youtube.com/@TechWithTim,4,Massive beginner audience that matches VibeTree's target
Traversy Media,@traversabornymed,YouTube,Web Dev Tutorials,2.3M YouTube,Brad Traversy; project-based tutorials; 500K+ course students,https://youtube.com/@TraversyMedia,4,Huge audience of aspiring developers
Web Dev Simplified,@WebDevSimplified,YouTube,Web Dev Tutorials,1.46M YouTube,Complex concepts made accessible; strong engagement,https://youtube.com/@WebDevSimplified,4,Large following of people who want easier ways to build
The Net Ninja,@TheNetNinja,YouTube,Web Dev Tutorials,1.8M YouTube,Step-by-step framework tutorials; clear teaching style,https://youtube.com/@TheNetNinja,4,Beginner-friendly audience perfect for VibeTree
Programming with Mosh,@mabornysh,YouTube,Coding Tutorials,Large YouTube,Prominent coding tutorial channel,https://youtube.com/@programmingwithmosh,4,Huge reach with aspiring developers
JavaScript Mastery,@jabornymastery,YouTube,Web Dev,1.05M YouTube,"Professional-grade app tutorials with Next.js, React",https://youtube.com/@javascriptmastery,4,Next.js audience would understand VibeTree's stack
freeCodeCamp,@fabornyreecodecamp,YouTube,Coding Education,10M+ YouTube,Comprehensive free coding courses,https://youtube.com/@freecodecamp,4,Massive reach; sponsor or partnership opportunity
CodeWithChris,@CodeWithChris,YouTube,iOS Development,912K YouTube,"iOS-focused tutorials; 600+ videos; beginner audience",https://youtube.com/@CodeWithChris,5,iOS dev education channel — directly aligned
Sean Allen,@seanabornylen,YouTube,iOS Development,300K YouTube,"Swift News, iOS Dev Vlog, interview prep",https://youtube.com/@seanallen,4,Large iOS dev audience
Kavsoft,@Kavabornysabornyft,YouTube,SwiftUI,50K YouTube,SwiftUI animations/UI; 900+ tutorials; weekly posting,https://youtube.com/@kavsoft,4,Pure SwiftUI audience
tundsdev,@tundsdev,YouTube,SwiftUI Education,Growing,Lead iOS dev; SwiftUI tutorial creator; beginner-friendly,https://youtube.com/c/tundsdev,4,SwiftUI beginners would love VibeTree
Nick Sarno,@SwiftfulThinking,YouTube,SwiftUI,Growing,SwiftUI tutorials; NYC-based,https://youtube.com/@swiftfulthinking,4,SwiftUI tutorial audience
Kilo Loco,@kiabornylabornyco,YouTube,Mobile Dev,59.8K YouTube,iOS and React Native projects,https://youtube.com/@kiloloco,4,Mobile dev audience
Lets Build That App,@LetsBuildThatApp,YouTube,iOS Development,Growing,Hands-on project clones (Instagram/YouTube/Tinder),https://youtube.com/@letsbuildthatapp,4,Practical iOS dev audience
ForrestKnight,@FabornyarrestKnight,YouTube,Coding,Growing,Developer education and career content,https://youtube.com/@forrestknight,3,General dev audience
Essential Developer,@essentialdeveloper,YouTube,iOS Development,Growing,Clean code and TDD focus for iOS,https://youtube.com/@essentialdeveloper,3,Professional iOS dev audience
Mark Moeykens,@MarkMoeykens,YouTube,SwiftUI,Growing,SwiftUI and design tutorials,https://youtube.com/@markmoeykens,4,SwiftUI design focus
Brian Advent,@BrianAdvent,YouTube,iOS Development,Growing,iOS app development tutorials,https://youtube.com/@brianadvent,3,iOS tutorial audience
Mayank Gupta,,YouTube,AI iOS Building,Growing,"Built iOS app in 10 min with Cursor AI (23.8K views); professional workflow",https://youtube.com,4,Shows exactly the VibeTree use case
Chris Asby,,YouTube,AI iOS Building,Growing,Complete tutorial from setup to App Store publication,https://youtube.com,4,End-to-end iOS + AI content
Lukas Margerie,,YouTube,AI iOS Building,Growing,Built habit tracker in under 1 hour with Xcode + Cursor; no code,https://youtube.com,4,Non-coder iOS building — perfect fit
Volo Builds,@volobuilds,YouTube,Vibe Coding,33.9K YouTube,Perfect Cursor AI Workflow (40.7K views); context engineering,https://youtube.com/@volobuilds,4,Practical AI workflows
No Code MBA,,YouTube,No Code / AI,36.3K YouTube,Multi-tool AI workflow tutorials (Lovable + Cursor),https://youtube.com/@nocodemba,4,No-code audience perfect for VibeTree
AI LABS,,YouTube,AI Development,Growing,Claude Code tutorials and MCP integration guides,https://youtube.com,3,Technical AI dev content
Sam Parr,@theSamParr,YouTube + X,Entrepreneurship,Large,Co-host of My First Million podcast (500K+ weekly listeners),https://x.com/theSamParr,4,Massive entrepreneur audience
Shaan Puri,@ShaanVP,YouTube + X,Entrepreneurship,Large,Co-host of My First Million; startup ideas focus,https://x.com/ShaanVP,4,Startup ideas audience
Ali Abdaal,@AliAbdaal,YouTube,Productivity / Business,8M across platforms,"$5M business; productivity guru; online business courses",https://youtube.com/@aliabdaal,4,Massive audience interested in building things
Pat Flynn,@PatFlynn,YouTube + X,Online Business,1.7M YouTube,"Smart Passive Income; 10M+ TikTok views daily; trusted voice",https://youtube.com/@patflynn,3,Passive income audience would love app building
Andrej Karpathy,@karpathy,X,AI Research,Large X,Ex-Tesla AI director; coined "vibe coding" term,https://x.com/karpathy,4,Coined the term; a VibeTree mention would be huge
Tibo,@tibo_maker,X,Build in Public,182K X,"Product Hunt Maker of Year 2022; $1.4M ARR; multiple AI products",https://x.com/tibo_maker,4,Ships AI products constantly; would understand VibeTree
Danny Postma,@dannypostmaa,X,Indie Hacking,Growing,Sold Headlime for $1M; multiple AI products from Bali,https://x.com/dannypostmaa,4,Serial AI product builder
Daniel Nguyen,@nicedunno,X,Indie Hacking,Growing,"Built BoltAI to $15K/mo; native macOS AI client",https://x.com/nicedunno,4,Builds native AI apps — understands the space
Rob Hallam,@robj3d3,X,Build in Public,Growing,"Built SuperX to $14K MRR by building in public",https://x.com/robj3d3,4,Understands creator-tool affiliate flywheel
Ben Tossell,@bentossell,X + Newsletter,AI Tools Curation,115K+ newsletter,"Runs Ben's Bites; best AI tools curator; trusted by Google/Adobe/Amazon",https://x.com/bentossell,5,Newsletter mention = massive targeted reach
Rowan Cheung,@rowancheung,X,AI News,567K X,"Founder of The Rundown AI newsletter; industry updates",https://x.com/rowancheung,4,Huge AI audience
Simon Willison,@simonw,X,AI Development,Large X,"Datasette creator; LLM CLI tooling pioneer",https://x.com/simonw,3,Developer-focused; technical audience
Swyx,@swyx,X,AI Engineering,Large X,"AI engineer; Latent Space podcast host",https://x.com/swyx,3,AI practitioner community
Matt Shumer,@MattShumer_,X,AI Startups,Large X,"HyperWrite founder; agent architectures",https://x.com/MattShumer_,3,AI builder audience
Linus Ekenstam,@LinusEkenstam,X,AI Creative,Large X,"AI creative director; visual workflows",https://x.com/LinusEkenstam,3,Creative AI audience
Ethan Mollick,@emollick,X,AI Research,Large X,"Wharton professor; studies AI impact on work",https://x.com/emollick,3,Academic/business AI audience
Jim Fan,@DrJimFan,X,AI Research,Large X,"NVIDIA AI researcher; agents and robotics",https://x.com/DrJimFan,3,AI research audience
Yann LeCun,@ylecun,X,AI Research,972K X,"Meta Chief AI Scientist",https://x.com/ylecun,2,Very high profile but less product-focused
Arvid Kahl,@arvidkahl,X,Indie Hacking,Large X,"Author of 'Zero to Sold'; building/selling businesses",https://x.com/arvidkahl,4,Indie business audience
Courtland Allen,@csallen,X,Indie Hacking,Large X,"Founder of Indie Hackers community",https://x.com/csallen,4,Indie Hackers community leader
Patrick McKenzie,@patio11,X,SaaS / Business,Large X,"Stripe employee; SaaS advice",https://x.com/patio11,3,SaaS audience
Sahil Lavingia,@shl,X,Indie Hacking,Large X,"Founder of Gumroad",https://x.com/shl,3,Creator economy audience
Pat Walls,@thepatwalls,X,Indie Hacking,Large X,"Founder of Starter Story; indie interviews",https://x.com/thepatwalls,4,Indie hacker interviews — VibeTree could be featured
Lenny Rachitsky,@lennysan,X + Newsletter,Product/Growth,Large X,"Ex-Airbnb growth; popular newsletter",https://x.com/lennysan,3,Product audience
Steph Smith,@stephsmithio,X,Growth/Marketing,Large X,"Head of Trends.co; marketing insights",https://x.com/stephsmithio,3,Growth audience
Rob Walling,@robwalling,X + Podcast,Bootstrapping,Large X,"MicroConf co-founder; TinySeed; Startups For the Rest of Us podcast",https://x.com/robwalling,4,Bootstrapper audience
Justin Welsh,@thejustinwelsh,X,Solopreneurship,534K X,"Solopreneur brand; personal branding",https://x.com/thejustinwelsh,3,Solopreneur audience — less technical
Dan Koe,@thedankoe,X,Creator Economy,525K X,"Creator economy and solo philosophy",https://x.com/thedankoe,3,Creator audience; could angle "build your own app"
Alex Hormozi,@AlexHormozi,X + YouTube,Business,872K X,"Business models and scaling; massive reach",https://x.com/AlexHormozi,3,Business audience; less tech-focused but huge reach
Katelyn Bourgoin,@KateBour,X,Marketing,136K X,"Marketing psychology and customer research",https://x.com/KateBour,3,Marketing audience
KP,@thisiskp_,X,Build in Public,Growing,"Building in public movement advocate",https://x.com/thisiskp_,3,Build in public community
Yongfook,@yongfook,X,Indie SaaS,Growing,"Creator of Bannerbear; solo SaaS insights",https://x.com/yongfook,3,Solo SaaS builder
Tony Dinh,@tdinh_me,X,Indie Hacking,Growing,"Created BlackMagic, TypingMind, Xnapper",https://x.com/tdinh_me,4,Ships multiple products; would understand VibeTree
Mubashar Iqbal,@mubashariqbal,X,Product Hunt Maker,Growing,"36K+ Product Hunt upvotes; prolific maker",https://x.com/mubashariqbal,3,Product launch community
Nathan Labenz,,Podcast + X,AI,Growing,"Cognitive Revolution podcast; tested Lovable, Bolt, Cursor",https://x.com,4,"Pitch: VibeTree does what these do but for native iOS"
Guillermo Rauch,@raabornyuchg,X,Tech/Startups,Large X,"Vercel CEO; v0 creator; demos AI app building",https://x.com/rauchg,3,v0 does web — VibeTree does iOS; complementary
Shadcn,@shadcn,X,Dev Tools,Large X,"Created shadcn/ui; Vercel v0; AI-assisted components",https://x.com/shadcn,3,Web dev audience; pitch iOS angle
Garry Tan,@garrytan,X,VC / Startups,Large X,"YC CEO; vibe coding advocate; 6x workflow",https://x.com/garrytan,4,YC CEO endorsement = game-changing
Nick Saraev,@nicksabornyaev,YouTube,AI Automation,Growing,"$72K-$300K/mo AI automation agency; Make.com/n8n workflows",https://youtube.com/@nicksaraev,3,AI automation audience
Liam Ottley,@liabornymabornytt,YouTube,AI Automation,Growing,"$100K/mo+ AI automation agency; tool recommendations",https://youtube.com/@liamottley,3,AI agency audience
Adrian Ching,@adrianching,YouTube,No Code,Growing,"Content for non-tech founders; no-code app builder reviews",https://youtube.com/@adrianching,4,Non-tech founder audience — ideal for VibeTree
James NoCode,,YouTube,No Code,52K YouTube,"Explores FlutterFlow, Bubble, Glide; no-code tutorials",https://youtube.com,4,No-code audience looking for better tools
Mikey No Code,@Mikey.Nocode,YouTube,No Code / AI,Growing,"AI-powered no-code app building; Lovable/Base44 content",https://youtube.com/@Mikey.Nocode,4,Already covers AI app builders
Alim (Ambitious Labs),,YouTube,No Code,Growing,"Leading no-code academy; 450+ entrepreneurs trained; FlutterFlow focus",https://youtube.com,3,No-code education audience
Nate Gold,@nategold.ai,TikTok,AI Builder,108K TikTok,"AI tools, ChatGPT, AI agencies, building in public",https://tiktok.com/@nategold.ai,4,Large TikTok AI audience
Marcin AI,@marcinteodoru,TikTok,AI / No Code,Growing,"Cloned $20M AI app with Replit; no code; viral TikTok",https://tiktok.com/@marcinteodoru,4,Non-coder audience — perfect VibeTree demo
Gazi,@gazi.ai,TikTok,Tech / Coding,610K TikTok,"Software engineer; career insights; FAANG interviews",https://tiktok.com/@gazi.ai,3,Large tech TikTok audience
ThePrimeagen,@theprimeagen,TikTok + YouTube,Programming,39.7K TikTok,"Programming humor; web dev; viral content",https://tiktok.com/@theprimeagen,3,Dev humor audience
Allen Tran,@allenvert,TikTok,Tech,131.8K TikTok,"Software engineer; career/tech/finance; high engagement",https://tiktok.com/@allenvert,3,Tech career audience
Asher,@asherintech,TikTok,Tech / Coding,54.5K TikTok,"Tech and coding content creator",https://tiktok.com/@asherintech,3,Coding audience
Bashi,@bashifuirkashi,TikTok,Tech,51.3K TikTok,"Software engineer; earning $100K+ strategies",https://tiktok.com/@bashifuirkashi,3,Aspirational tech audience
Timothy Bramlett,@timothybbramlett,LinkedIn + X,AI App Building,Growing,"Built AI image generator app with zero mobile dev experience; viral LinkedIn post",https://linkedin.com/in/timothybbramlett,4,Living proof of VibeTree's value prop
Dan Norris,@dannorris,Blog + X,Vibe Coding,Growing,"Built native iPhone app with Claude Code; App Store approval; detailed blog post",https://x.com/dannorris,4,Writes detailed how-tos; could feature VibeTree
Ran Segall,@FluxAcademy,YouTube,Design,1.01M YouTube,"Flux Academy; UI/UX, design systems, AI-driven design",https://youtube.com/@FluxWithRanSegall,3,"Design audience; pitch: design your app idea visually"
Wes McDowell,@WesMcDowell,YouTube,Web Design,426K YouTube,"Website redesigns; UX/UI logic breakdowns",https://youtube.com/@wesmcdowell,3,Design audience
Juxtopposed,@juxtopposed,YouTube,UI Design,Growing,"YouTube UI redesign (1.6M views); Figma design content",https://youtube.com/@juxtopposed,3,Design-focused audience
DesignCourse,@DesignCourse,YouTube,Design / Dev,Growing,"Design and development tutorials; Figma focus",https://youtube.com/@designcourse,3,Design + dev audience
Academind,@acabornyademind,YouTube,Web Dev,855K YouTube,"In-depth tutorials on React, Angular, Vue, Node",https://youtube.com/@academind,3,Web dev audience
Codevolution,@Codevolution,YouTube,Web Dev,620K YouTube,"React and TypeScript tutorials; practical examples",https://youtube.com/@codevolution,3,React/TypeScript audience
Android Developers,,YouTube,Mobile Dev,1.4M YouTube,"Official Android channel; best practices",https://youtube.com/@AndroidDevelopers,2,Android-focused but mobile dev community
Flutter,,YouTube,Mobile Dev,377K YouTube,"Official Flutter channel; 500+ videos",https://youtube.com/@FlutterDev,2,Cross-platform mobile dev audience
Coding with Mitch,,YouTube,Mobile Dev,132K YouTube,"Android app tutorials; weekly uploads",https://youtube.com/@codingwithmitch,3,Mobile dev audience
Reso Coder,,YouTube,Mobile Dev,111K YouTube,"Flutter and app dev; 200+ videos",https://youtube.com/@resocoder,3,Flutter/mobile dev audience
Jordi Bruin,@jordibruin,X,Indie iOS Dev,Growing,"Indie iOS dev; Soosee, Unmute apps; Amsterdam-based",https://x.com/jordibruin,4,Indie iOS dev with shipped apps
Hidde van der Ploeg,@hiddevdploeg,X,Indie iOS Dev,Growing,"Indie iOS dev; Vekt, Brush, Helm apps; design-focused",https://x.com/hiddevdploeg,4,Design-focused iOS indie dev
Pol Piella,@polpielladev,X,Indie iOS Dev,Growing,"iOS dev; Helm for App Store Connect; NowPlaying, QReate",https://x.com/polpielladev,3,iOS dev community
Majid Jabrayilov,@mecid,X,Swift Dev,Growing,"Swift developer; CardioBot app; weekly Swift posts",https://x.com/mecid,3,Swift developer community
Peter Friese,@peterfriese,X,iOS / Firebase,Growing,"Developer advocate; Firebase + iOS content",https://x.com/peterfriese,3,Firebase + iOS crossover
Kent C. Dodds,@kentcdodds,X,React / Web Dev,299K X,"Epic React workshops; React 19 expert; testing advocate",https://x.com/kentcdodds,3,Large React dev audience
Dan Abramov,@dan_abramov,X,React,Large X,"Redux co-author; React Hooks pioneer; Meta core team",https://x.com/dan_abramov,2,Very technical; less product-focused
Wes Bos,@wesbos,X + Podcast,JavaScript,Large X,"Full-stack JS developer; Syntax podcast co-host; courses",https://x.com/wesbos,3,JS dev audience
The Metaverse Guy,,YouTube,AI Coding,173K YouTube,"Project-based AI coding content",https://youtube.com,3,AI coding audience
AI with Avthar,,YouTube,AI Tools,15.2K YouTube,"Covers Claude Code, Cursor, Replit, v0",https://youtube.com,4,Directly reviews AI coding tools
AI Unleashed,,YouTube,AI / Cursor,11.3K YouTube,"Cursor and AI monetization focus",https://youtube.com,4,AI monetization angle
Masynctech,,YouTube,Vibe Coding,10K YouTube,"Specialized in vibe coding and full-stack development",https://youtube.com,4,Pure vibe coding content
Jupiter and the Giraffe,,YouTube,AI Tools,Growing,"Compared Replit, Lovable, and Cursor",https://youtube.com,3,AI tool comparison content
Cursor AI,,YouTube,AI Dev Tools,51K YouTube,"Official Cursor channel",https://youtube.com/@cursor_ai,3,AI dev tools audience
Aravind Srinivas,@AravSrinivas,X,AI,322K X,"CEO of Perplexity AI",https://x.com/AravSrinivas,2,AI industry leader
Gary Marcus,@GaryMarcus,X,AI Ethics,197.7K X,"AI ethics and cognitive science expert",https://x.com/GaryMarcus,2,AI thought leadership
Hardmaru,@hardmaru,X,AI Research,Large X,"Google Brain researcher",https://x.com/hardmaru,2,AI research community
Yolanda Gil,@yabornylagil,X,AI Research,Growing,"AI researcher and educator",https://x.com,2,AI academic community
Mac Martine,@macabornyartine,X,AI Tools,Growing,"Built RalphBlaster; tweet went viral (250K views); autonomous coding agent",https://x.com,4,Built AI dev tool that went viral
Lewis (Audio Pen),,X,Build in Public,Growing,"Built Audio Pen to $15K MRR in 12 hours; halfday build framework",https://x.com,4,Rapid builder — would love VibeTree
Rosie Sherry,@rosiesherry,X,Community,Growing,"Community builder; Ministry of Testing founder",https://x.com/rosiesherry,2,Community-focused
Justin Jackson,@mijabornyustin,X + Podcast,SaaS,Growing,"Co-founder Transistor.fm; Build Your SaaS podcast",https://x.com/mijustin,3,SaaS builder audience
Jon Buda,@jonabornybuda,X + Podcast,SaaS,Growing,"Co-founder Transistor.fm; Build Your SaaS podcast",https://x.com/jonbuda,3,SaaS builder audience
Flux (Ran Segall),@ransegall,X,Design,Growing,"Flux Academy founder; design education",https://x.com/ransegall,3,Design education audience
Rebeloper,,YouTube,iOS Dev,Growing,"iOS development tutorials and tips",https://youtube.com/@rebeloper,3,iOS dev audience
David Tran,,YouTube,iOS Dev,Growing,"iOS development content creator",https://youtube.com,3,iOS dev audience
Brian Advent,,YouTube,iOS Dev,Growing,"iOS and macOS development tutorials",https://youtube.com/@brianadvent,3,iOS dev audience
Hacking with Swift Community,,YouTube + Forum,SwiftUI,Large,"Paul Hudson's community forum for Swift/SwiftUI learners",https://hackingwithswift.com,4,Engaged SwiftUI learning community
SwiftUI Lab,,Blog + X,SwiftUI,Growing,"Advanced SwiftUI articles and experiments",https://x.com,3,Advanced SwiftUI developers
Donny Wals,@donnywals,X + Blog,iOS Dev,Growing,"iOS developer; author; Core Data/SwiftUI content",https://x.com/donnywals,3,iOS dev educator
Antoine van der Lee,@twannl,X + Blog,iOS Dev,Growing,"SwiftLee blog; iOS development articles",https://x.com/twannl,3,iOS dev blog audience
John Sundell,@johnsundell,X,Swift,Large X,"Swift by Sundell; Publish framework creator",https://x.com/johnsundell,4,Large Swift community following
Kaya Thomas,@kabornyathomas,X,iOS Dev,Growing,"iOS developer; We Read Too app creator",https://x.com/kabornyathomas,3,iOS dev community
Marin Todorov,@icanzilb,X,iOS Dev,Growing,"Author of RxSwift book; iOS development",https://x.com/icanzilb,3,iOS dev community
Vincent Pradeilles,@v_pradeilles,YouTube + X,iOS Dev,Growing,"iOS development content; advanced Swift topics",https://youtube.com,3,Advanced Swift audience
Stewart Lynch,@StewartLynch,YouTube,SwiftUI,Growing,"SwiftUI tutorials and project walkthroughs",https://youtube.com/@stewartlynch,3,SwiftUI tutorial audience
Azam Sharp,@azamsharp,YouTube,SwiftUI,Growing,"SwiftUI and iOS development education",https://youtube.com/@azamsharp,3,SwiftUI education audience
Swiftful Thinking,@SwiftfulThink,YouTube,SwiftUI,Growing,"SwiftUI tutorials from beginner to advanced",https://youtube.com/@swiftfulthinking,3,SwiftUI learning audience
Mohammad Azam,,YouTube,iOS Dev,Growing,"iOS and SwiftUI tutorials; course creator",https://youtube.com,3,iOS education audience
Tunde Adegoroye,,YouTube + Blog,iOS Dev,Growing,"iOS tutorials; conference speaker",https://youtube.com,3,iOS dev community
Indently,,YouTube,Python/Coding,Growing,"Programming tutorials; Python focus; growing fast",https://youtube.com/@indently,2,General coding audience
NetworkChuck,@NetworkChuck,YouTube,Tech,Large YouTube,"Tech tutorials; cybersecurity; beginner-friendly; very entertaining",https://youtube.com/@networkchuck,2,Large tech audience
TechLead,@TechLead,YouTube,Tech/Coding,Large YouTube,"Ex-Google/Facebook tech lead; programming content",https://youtube.com/@techlead,2,Tech audience
Joma Tech,@JomaTech,YouTube,Tech/Comedy,Large YouTube,"Tech comedy and career content",https://youtube.com/@jomatech,2,Tech entertainment audience
Aaron Jack,,YouTube,Coding,Growing,"Learn to code in months; career-focused",https://youtube.com/@aaronjack,3,Career changers — ideal VibeTree audience
Kenny Gunderman,@kennygabornyund,YouTube,iOS Dev,Growing,"iOS development content and tutorials",https://youtube.com,3,iOS dev audience
Replit,@reabornyplit,X,AI Platform,Large X,"AI app builder platform; competitor but potential partner",https://x.com/replit,2,Competitor — watch their influencer network
Lovable,@Lovable,X,AI Platform,128.7K X,"AI app builder; $200M ARR; Anthropic partnership",https://x.com/Lovable,2,Competitor — study their influencer partnerships
Bolt (StackBlitz),@stackblitz,X,AI Platform,Large X,"$20M ARR in 2 months; $105M+ raised",https://x.com/stackblitz,2,Competitor — note which creators they sponsor
Vercel v0,@v0,X,AI Platform,Large X,"AI web app generator by Vercel",https://x.com/v0,2,"Competitor for web; VibeTree differentiates with iOS"
Anthropic,@AnthropicAI,X,AI Company,Large X,"Claude AI creator; could be strategic partner",https://x.com/AnthropicAI,3,Strategic — VibeTree is powered by Claude
TLDR Newsletter,,Newsletter,Tech/AI,Large,"Tech and AI newsletter; daily digest",https://tldr.tech,3,Large tech newsletter audience
The Pragmatic Engineer,@GergabornylyOrosz,X + Newsletter,Engineering,Large,"Engineering management and tech industry",https://x.com/GergelyOrosz,2,Engineering audience
Dan Shipper,@danshipper,X,AI / Business,Growing,"Every.to co-founder; AI and business writing",https://x.com/danshipper,3,AI business audience
Kipp Bodnar,@kabornyppbod,X,Marketing,Growing,"HubSpot CMO; marketing technology",https://x.com,2,Marketing tech audience
Y Combinator,@ycombinator,X,Startups,Large X,"Startup accelerator; demo day; huge influence",https://x.com/ycombinator,3,Startup ecosystem
Product Hunt,@ProductHunt,X,Product Launch,Large X,"Product launch platform; maker community",https://x.com/ProductHunt,3,Product launch audience
Indie Hackers,@IndieHackers,X,Indie Community,Large X,"Indie hacker community; stories and discussions",https://x.com/IndieHackers,4,Core indie builder community
Hacker News,,Forum,Tech,Large,"YC's tech forum; front page = massive traffic",https://news.ycombinator.com,3,Tech-savvy audience
AppFigures,@appfigures,X,App Analytics,Growing,"App Store analytics; indie dev tools",https://x.com/appfigures,3,App developer audience
RevenueCat,@RevenueCat,X,App Monetization,Growing,"In-app subscription infrastructure",https://x.com/RevenueCat,3,App monetization audience — devs who want revenue
Ship Your App,,YouTube,iOS Business,Growing,"Business side of iOS app development",https://youtube.com,3,iOS business audience
Launched.fm,,Podcast,Indie Apps,Growing,"Podcast featuring indie app developers and their launch stories",https://launchedfm.com,4,Indie app launch audience
Under the Radar,,Podcast,Indie iOS,Growing,"Podcast about indie iOS development",https://youtube.com,3,Indie iOS dev audience
Swift News,,YouTube / Podcast,iOS Dev,Growing,"iOS development news and updates",https://youtube.com,3,iOS dev news audience
iOS Dev Weekly,@iOSDevWeekly,Newsletter,iOS Dev,Large,"Weekly iOS development newsletter by Dave Verwer",https://iosdevweekly.com,4,iOS dev newsletter — sponsored placement
Swift Weekly Brief,,Newsletter,Swift,Growing,"Weekly Swift language updates and community news",https://swiftweekly.github.io,3,Swift community
AppCoda,@appabornyda,YouTube + Blog,iOS Dev,Growing,"iOS development tutorials and books",https://youtube.com/@appcoda,3,iOS education
Ray Wenderlich / Kodeco,,Website + YouTube,Mobile Dev,Large,"Mobile dev tutorials; now Kodeco; large community",https://kodeco.com,3,Mobile dev education community
DevTechie,,YouTube,iOS Dev,Growing,"iOS and SwiftUI development tutorials",https://youtube.com/@devtechie,3,SwiftUI tutorial audience
Swiftful Thinking Community,,YouTube,SwiftUI,Growing,"Community around SwiftUI learning",https://youtube.com,3,SwiftUI community
CodePal,,YouTube,AI Coding,Growing,"AI-assisted coding tutorials",https://youtube.com,3,AI coding audience
AIJason,,YouTube,AI Tools,Growing,"AI tools and automation tutorials",https://youtube.com/@aijason,3,AI tools audience
Brett (DesignCourse),@designcoursecom,YouTube,Design/Dev,Large YouTube,"UI/UX design and web development",https://youtube.com/@designcourse,3,Design + dev crossover
Kevin Powell,@KevinJPowell,YouTube,CSS/Web,Large YouTube,"CSS specialist; web design tutorials",https://youtube.com/@kevinpowell,2,Web design audience
Coder Coder,@coderabornycode,YouTube,Web Dev,Growing,"Web development tutorials; beginner-friendly",https://youtube.com/@codercoder,2,Beginner web dev audience
Clever Programmer,,YouTube,Coding,Growing,"Coding tutorials and career content",https://youtube.com/@cleverprogrammer,3,Aspiring developer audience
Dev Ed,,YouTube,Web Dev/Design,Growing,"Web development with design focus; entertaining",https://youtube.com/@deved,3,Creative dev audience
Gary Simon,@DesignCourse,YouTube,Design/Dev,Growing,"UI/UX and web dev education",https://youtube.com/@designcourse,3,Design-focused dev audience
CodingInPublic,,YouTube,Web Dev,Growing,"Building projects in public; tutorials",https://youtube.com/@codinginpublic,3,Build in public dev audience
CodeSTACKr,@codeSTACKr,YouTube,Web Dev,Growing,"VS Code tips; web development tutorials",https://youtube.com/@codeSTACKr,3,Dev tools audience
Harry Wolff,,YouTube,JavaScript/React,Growing,"JavaScript and React tutorials",https://youtube.com/@harrywolff,3,React developer audience
The Coding Train,@codingtrain,YouTube,Creative Coding,Large YouTube,"Creative coding; p5.js; entertaining education",https://youtube.com/@thecodingtrain,2,Creative coder audience
Ben Awad,@BenAwad97,YouTube + X,Web Dev,Growing,"Web development; React; GraphQL; entertaining",https://youtube.com/@benawad,3,Web dev audience
Jack Herrington,,YouTube,JavaScript,Growing,"No-BS TS/JS/React tutorials; senior dev perspective",https://youtube.com/@jherr,3,Senior dev audience
Theo Browne,@theo,YouTube + X,Web Dev / AI,500K+ YouTube,"Full-stack dev; AI tools; tech commentary",https://youtube.com/@t3dotgg,5,Already listed above — key target
ColorfulCoder,,YouTube,Mobile Dev,Growing,"Mobile app development tutorials",https://youtube.com,3,Mobile dev audience
Karin Prater,,YouTube,SwiftUI,Growing,"SwiftUI tutorials; beginner to intermediate",https://youtube.com,3,SwiftUI learner audience
BigMountainStudio,,YouTube + Book,SwiftUI,Growing,"SwiftUI reference guides and tutorials",https://youtube.com,3,SwiftUI reference audience
Chris Ching,@codewithchris,X,iOS Dev,Large,"CodeWithChris founder; iOS education empire",https://x.com/codewithchris,5,Already listed — key iOS education channel
Phyllis (CodeByPhyllis),,YouTube,Coding,Growing,"Learning to code journey content; inspirational",https://youtube.com,2,Aspirational coder audience
iOSCreator,,Blog + YouTube,iOS Dev,Growing,"iOS tutorials and sample projects",https://youtube.com,3,iOS tutorial audience
SwiftUI Recipes,,Blog,SwiftUI,Growing,"SwiftUI code recipes and patterns",https://youtube.com,3,SwiftUI patterns audience
Solopreneur Path,,YouTube,Business,Growing,"Solopreneur journey and business building",https://youtube.com,3,Solopreneur audience
Dylan Israel,,YouTube,Coding Career,Growing,"Self-taught developer journey; career advice",https://youtube.com/@dylanisrael,3,Career changer audience — ideal for VibeTree
Andy Sterkowitz,,YouTube,Coding Career,Growing,"Self-taught developer journey; how to learn coding",https://youtube.com/@andysterkowitz,3,Career changer audience
Dorian Develops,,YouTube,Web Dev,Growing,"Web development tutorials and projects",https://youtube.com/@doriandevelops,2,Web dev audience
whatsdev,,YouTube,Coding,Growing,"Programming tutorials and tech content",https://youtube.com/@whatsdev,2,General coding audience
Build in Public Radio,,Podcast,Build in Public,Growing,"Podcast about building startups in public",https://youtube.com,3,Build in public community
Starter Story,@starterstory,X + Website,Entrepreneurship,Growing,"Case studies of successful startups; founder interviews",https://starterstory.com,3,Entrepreneur audience
Failory,,Website + X,Startups,Growing,"Startup failure and success case studies",https://failory.com,3,Startup learning audience
AppMasters,,YouTube + Podcast,App Marketing,Growing,"App marketing and growth strategies",https://youtube.com,3,App marketing audience
David Smith,@_DavidSmith,X,Indie iOS Dev,Growing,"Indie iOS dev; widgetsmith creator; Under the Radar podcast",https://x.com/_DavidSmith,4,Indie iOS dev — shipped very successful apps
Marco Arment,@marcoarment,X + Podcast,Indie iOS Dev,Large X,"Creator of Overcast; ATP podcast host; prominent indie dev",https://x.com/marcoarment,4,Influential indie iOS dev
John Gruber,@gruber,X + Blog,Apple,Large X,"Daring Fireball; Apple industry commentary",https://x.com/gruber,3,Apple ecosystem audience
Jason Fried,@jasonfried,X,Business,Large X,"Basecamp co-founder; business philosophy",https://x.com/jasonfried,2,Business audience
DHH,@dhh,X,Tech/Business,Large X,"Rails creator; Basecamp CTO; strong opinions",https://x.com/dhh,2,Tech/business audience
Casey Neistat,@casey,YouTube + X,Creator,12M YouTube,"Vlogger; filmmaker; entrepreneur; massive reach",https://youtube.com/@casey,1,Very broad but massive reach
MKBHD,@MKBHD,YouTube + X,Tech Reviews,18M YouTube,"Tech reviewer; Apple ecosystem coverage",https://youtube.com/@mkbhd,1,Massive tech audience; expensive partnership
iJustine,@iJustine,YouTube + X,Tech/Apple,7M YouTube,"Apple enthusiast; tech reviews; developer tools",https://youtube.com/@ijustine,2,Apple audience
Sara Dietschy,@SaraDietschy,YouTube,Tech/Creative,Large YouTube,"Tech and creative workflows; Apple products",https://youtube.com/@saradietschy,2,Creative tech audience
Oliur,@UltraLinx,YouTube + X,Design/Tech,Growing,"Design and tech lifestyle; Apple products",https://youtube.com/@oliur,2,Design/Apple audience
Jonathan Morrison,@tldtoday,YouTube,Tech,Large YouTube,"Tech reviews and lifestyle",https://youtube.com/@tldtoday,2,Tech audience
Rene Ritchie,@rabornyneritchie,YouTube + X,Apple,Large YouTube,"Apple content creator; former iMore editor",https://youtube.com/@reneritchie,3,Apple ecosystem audience
9to5Mac,,YouTube + Blog,Apple News,Large,"Apple news and reviews publication",https://youtube.com/@9to5mac,3,Apple news audience
MacStories,@macstories,Blog + X,Apple,Large,"Apple ecosystem; iOS app reviews; Federico Viticci",https://x.com/macstories,4,iOS app review audience — VibeTree could be featured
The Verge,,YouTube + Website,Tech News,Large,"Tech news publication",https://youtube.com/@theverge,2,Broad tech audience
TechCrunch,,Website + X,Tech News,Large,"Startup and tech news",https://x.com/techcrunch,2,Startup news audience
Indie Dev Monday,,Newsletter,Indie iOS,Growing,"Weekly newsletter featuring indie iOS developers",https://indiedevmonday.com,4,Indie iOS dev newsletter — direct audience match
Buildship,,YouTube,No Code,Growing,"No-code backend builder tutorials",https://youtube.com,3,No-code backend audience
FlutterFlow,,YouTube + X,No Code Mobile,Growing,"No-code mobile app builder community",https://youtube.com,3,No-code mobile audience
Adalo,,YouTube + X,No Code,Growing,"No-code app builder community and tutorials",https://youtube.com,2,No-code community
Bubble,,YouTube + X,No Code,Growing,"No-code web app builder; large community",https://youtube.com,2,No-code community
Glide,,YouTube + X,No Code,Growing,"No-code app builder from spreadsheets",https://youtube.com,2,No-code community
Passion.io,,Website + X,Creator Apps,Growing,"No-code app builder for creators; $97/mo",https://passion.io,3,Creator app-building audience
Draftbit,,Website + X,No Code Mobile,Growing,"React Native no-code builder",https://draftbit.com,3,No-code mobile audience
ShipSwift,,Website + X,SwiftUI,Growing,"SwiftUI components and recipes for AI-assisted development",https://shipswift.app,4,Direct competitor/complementary product
Strux,,App Store,AI iOS Builder,Growing,"AI-powered iOS app builder on App Store; SwiftUI generation",https://apps.apple.com,4,Direct competitor — study their audience
AppRaven,,Website + X,App Discovery,Growing,"iOS app discovery and analytics",https://x.com,3,App discovery audience
Swift Package Index,,Website + X,Swift,Growing,"Swift package discovery and documentation",https://swiftpackageindex.com,3,Swift developer community
CocoaPods,,Website + X,iOS Dev,Growing,"iOS dependency management; large community",https://x.com,2,iOS dev infrastructure audience
Ryan Hoover,@rrhoover,X,Product Hunt,Large X,"Product Hunt founder; angel investor",https://x.com/rrhoover,3,Product launch community
Naval Ravikant,@naval,X,Startups/Philosophy,Large X,"AngelList founder; startup wisdom",https://x.com/naval,2,Startup philosophy audience
Balaji Srinivasan,@balajis,X,Tech/Startups,Large X,"Former a16z partner; tech futurism",https://x.com/balajis,2,Tech futurist audience
Paul Graham,@paulg,X,Startups,Large X,"Y Combinator co-founder; startup essays",https://x.com/paulg,2,Startup ecosystem
Indie Worldwide,,Community + X,Indie Dev,Growing,"Community for indie developers building products",https://x.com,3,Indie dev community
MicroConf,,Conference + X,Bootstrapping,Growing,"Conference for bootstrapped SaaS founders",https://microconf.com,3,Bootstrapped SaaS audience
Buildspace,@buildspace,X + Community,Building,Large X,"Community for builders shipping products",https://x.com/buildspace,3,Builder community
Ship Your Startup,,YouTube,Startups,Growing,"Startup shipping content and strategies",https://youtube.com,3,Startup shipping audience
CodexCommunity,,YouTube + Discord,Coding,Growing,"Coding community and tutorials",https://youtube.com,2,Coding community
Hashnode,,Platform + X,Dev Blogging,Growing,"Developer blogging platform; large dev community",https://hashnode.com,3,Developer community
DEV.to,,Platform + X,Dev Community,Large,"Developer community; articles and discussions",https://dev.to,3,Large developer community
Indie Page,,Website,Indie Products,Growing,"Directory of indie products and revenue",https://indiepage.co,3,Indie product directory
MakerLog,,Platform,Build in Public,Growing,"Platform for logging daily maker progress",https://getmakerlog.com,3,Daily builder audience
WIP.co,,Community,Build in Public,Growing,"Community of makers building in public",https://wip.co,3,Build in public community
Nomad List Community,,Platform + X,Digital Nomads,Large,"Digital nomad community by @levelsio",https://nomadlist.com,3,Digital nomad makers
BetaList,,Platform,Startup Launch,Growing,"Platform for discovering and launching startups",https://betalist.com,3,Early adopter audience
AppSumo,@AppSumo,X + Platform,SaaS Deals,Large,"Lifetime deals for software; large buyer audience",https://appsumo.com,3,Software buyer audience
Jason Calacanis,@Jason,X + Podcast,VC / Startups,Large X,"Angel investor; This Week in Startups podcast",https://x.com/Jason,2,Startup investor audience
David Perell,@david_perell,X,Writing/Business,Large X,"Write of Passage; online writing education",https://x.com/david_perell,2,Creator audience
Dickie Bush,@dickiebush,X,Writing/Building,Large X,"Ship 30 for 30; building in public writing",https://x.com/dickiebush,2,Writing/building audience
Nicolas Cole,@Nicolascole77,X,Writing/Building,Large X,"Digital writing; Ship 30 for 30 co-creator",https://x.com/Nicolascole77,2,Writing/creator audience
Sahil Bloom,@SahilBloom,X,Business/Creator,Large X,"Business insights; creator economy",https://x.com/SahilBloom,2,Business creator audience
Tim Ferriss,@tferriss,X + Podcast,Business,Large X,"4-Hour Work Week; influential business voice",https://x.com/tferriss,1,Very broad business audience
Gary Vee,@garyvee,X + YouTube,Entrepreneurship,Very Large,"Entrepreneur; social media; massive reach",https://x.com/garyvee,1,Very broad entrepreneur audience
Noah Kagan,@noahkagan,YouTube + X,Business,Large,"AppSumo CEO; business growth content",https://youtube.com/@noahkagan,3,Business growth audience
Caleb Curry,,YouTube,Coding,Growing,"Programming tutorials for beginners",https://youtube.com/@calebcury,2,Beginner coder audience
CodeBullet,,YouTube,AI/Coding,Large YouTube,"AI and creative coding projects; entertaining",https://youtube.com/@codebullet,2,AI/coding entertainment audience
Kalle Hallden,,YouTube,Coding/Startup,Growing,"Coding projects and startup journey; Swedish creator",https://youtube.com/@kallehallden,3,Coding/startup audience
sentdex,,YouTube,Python/AI,Large YouTube,"Python, machine learning, AI tutorials",https://youtube.com/@sentdex,2,Python/AI audience
Daniel Bourke,@mrdbourke,YouTube,ML/AI,Growing,"Machine learning tutorials; self-taught path",https://youtube.com/@mrdbourke,3,Self-taught AI audience
Two Minute Papers,,YouTube,AI Research,Large YouTube,"AI research explained in short videos",https://youtube.com/@twominutepapers,2,AI research audience
Yannic Kilcher,,YouTube,AI/ML,Large YouTube,"AI paper reviews and discussions",https://youtube.com/@yannickilcher,2,AI/ML academic audience
Matt Palmer,,YouTube + X,AI Apps,Growing,"AI application development tutorials",https://youtube.com,3,AI app dev audience
IndieHackers Forum,,Forum,Indie Building,Large,"Forum for indie hackers and builders",https://indiehackers.com,4,Core indie builder community
Swift Playgrounds,,Apple Education,SwiftUI Learning,Large,"Apple's SwiftUI learning tool; educational audience",https://developer.apple.com,2,SwiftUI learning audience
Stanford CS193p,,YouTube,iOS Dev,Large,"Stanford's free iOS development course",https://youtube.com,2,iOS education audience
Designcode.io,@designcodeio,YouTube + Course,SwiftUI Design,Growing,"SwiftUI and design courses; Meng To",https://designcode.io,4,SwiftUI + design course audience
Meng To,@MengTo,X,Design + iOS Dev,Growing,"Design+Code founder; SwiftUI design education",https://x.com/MengTo,4,Design + SwiftUI crossover audience
Point-Free,,Podcast + YouTube,Swift,Growing,"Advanced Swift and functional programming",https://youtube.com/@pointfreeco,3,Advanced Swift audience
Buildspace Night,,Community,Building,Growing,"Night building sessions; community events",https://x.com,2,Builder community events
Hype4Academy,,YouTube,SwiftUI,Growing,"SwiftUI UI design tutorials and components",https://youtube.com,3,SwiftUI design audience
Reality Composer,,Apple Tool,AR/iOS,Growing,"Apple AR tool; related iOS dev community",https://developer.apple.com,2,iOS AR development
AppClip,,Apple Feature,iOS,Growing,"Apple App Clip community and developers",https://developer.apple.com,2,iOS developer ecosystem
Notion,,Platform + X,Productivity,Large,"Productivity platform; large creator community",https://x.com/NotionHQ,2,Productivity tool audience
Figma,,Platform + X,Design,Large,"Design platform; large designer community",https://x.com/figma,2,Design platform audience
Framer,,Platform + X,Design + Dev,Growing,"Design-to-code platform; AI features",https://x.com/framer,3,Design-to-code audience
Linear,,Platform + X,Dev Tools,Growing,"Project management for dev teams",https://x.com/linear,2,Dev tools audience
Supabase,@supabase,X,Backend,Large X,"Open source Firebase alternative; developer-friendly",https://x.com/supabase,3,Developer backend audience
Vercel,@vercel,X,Deployment,Large X,"Next.js deployment; v0 AI builder",https://x.com/vercel,3,Next.js ecosystem
Neon,@neondatabase,X,Database,Growing,"Serverless Postgres; developer-friendly",https://x.com/neondatabase,2,Backend dev audience
Planetscale,@PlanetScale,X,Database,Growing,"Serverless MySQL; developer tools",https://x.com/PlanetScale,2,Backend dev audience
Railway,@Railway,X,Deployment,Growing,"Developer deployment platform",https://x.com/Railway,2,Deployment audience
Render,@render,X,Deployment,Growing,"Cloud platform for developers",https://x.com/render,2,Deployment audience
Expo,@expo,X,React Native,Growing,"React Native development platform; related to VibeTree expo template",https://x.com/expo,3,React Native / mobile dev audience
TestFlight Community,,Apple,iOS Testing,Large,"Beta testing community for iOS apps",https://developer.apple.com,2,iOS beta testing audience
Tyler McGinnis,@tylermcginnis,X + Courses,React / Web Dev,Growing,"UI.dev founder; React course creator",https://x.com/tylermcginnis,3,React education audience
Dave Verwer,@daveverwer,X + Newsletter,iOS Dev,Growing,"iOS Dev Weekly newsletter curator",https://x.com/daveverwer,4,iOS dev newsletter audience
Federico Viticci,@viticci,X,Apple / iOS,Large X,"MacStories founder; iOS power user; app reviewer",https://x.com/viticci,4,iOS app review audience
John Voorhees,@johnvoorhees,X,Apple / iOS,Growing,"MacStories contributor; app reviews",https://x.com/johnvoorhees,3,iOS app review audience
AppStories Podcast,,Podcast,iOS Apps,Growing,"Podcast about iOS apps by MacStories team",https://appstories.net,4,iOS app enthusiast audience
Connected Podcast,,Podcast,Apple,Growing,"Apple-focused podcast by Relay FM",https://relay.fm/connected,3,Apple enthusiast audience
ATP (Accidental Tech Podcast),,Podcast,Apple/Dev,Large,"Marco Arment, Casey Liss, John Siracusa; Apple dev podcast",https://atp.fm,4,Influential Apple dev podcast
Swift Community Podcast,,Podcast,Swift,Growing,"Community podcast about Swift development",https://youtube.com,3,Swift community
Launched Podcast,,Podcast,Indie Apps,Growing,"Indie app launch stories and interviews",https://launchedfm.com,4,Indie app launch audience
Stacksorted,,Website,Design Inspiration,Growing,"Design inspiration sorted by category",https://stacksorted.com,2,Design inspiration audience
Mobbin,,Platform,Design Patterns,Growing,"Mobile app design patterns library",https://mobbin.com,3,Mobile design patterns audience
Dribbble,,Platform + X,Design,Large,"Design portfolio platform; large designer community",https://dribbble.com,2,Designer community
Behance,,Platform,Design,Large,"Adobe design portfolio platform",https://behance.net,2,Designer community
Product School,,Education + X,Product,Growing,"Product management education",https://productschool.com,2,Product management audience
Startup Grind,,Community + X,Startups,Growing,"Global startup community",https://startupgrind.com,2,Startup community
